referenceNumber,model,type,customerFullName
1001,model 3, Long Range Dual Motors,Jospin Gnintedem Noutsa
1101,model 3, Long Range Dual Motors,Jospin Gnintedem Noutsa
1121,model 3, Long Range Dual Motors,Jospin Gnintedem Noutsa
1121,model 3, Long Range Dual Motors,Jospin Gnintedem Noutsa
1121,model 3, Long Range Dual Motors,Jospin Gnintedem Noutsa
1121,model 3, Long Range Dual Motors,Jospin Gnintedem Noutsa
1121,model 3, Long Range Dual Motors,Jospin Gnintedem Noutsa
1121,model 3, Long Range Dual Motors,Jospin Gnintedem Noutsa
1121,model 3, Long Range Dual Motors,Jospin Gnintedem Noutsa
1121,model 3, Long Range Dual Motors,Jospin Gnintedem Noutsa
1121,model 3, Long Range Dual Motors,Jospin Gnintedem Noutsa
1121,model 3, Long Range Dual Motors,Jospin Gnintedem Noutsa
1121,model 3, Long Range Dual Motors,Jospin Gnintedem Noutsa
1121,model 3, Long Range Dual Motors,Jospin Gnintedem Noutsa
1121,model 3, Long Range Dual Motors,Jospin Gnintedem Noutsa
1121,model 3, Long Range Dual Motors,Jospin Gnintedem Noutsa
#1121,model 3, Long Range Dual Motors,Jospin Gnintedem Noutsa
1121,model 3, Long Range Dual Motors,Jospin Gnintedem Noutsa
1121,model 3, Long Range Dual Motors,Jospin Gnintedem Noutsa
1121,model 3, Long Range Dual Motors,Jospin Gnintedem Noutsa
1121,model 3, Long Range Dual Motors,Jospin Gnintedem Noutsa
1121,model 3, Long Range Dual Motors,Jospin Gnintedem Noutsa
1121,model 3, Long Range Dual Motors,Jospin Gnintedem Noutsa
1121,model 3, Long Range Dual Motors,Jospin Gnintedem Noutsa
1121,model 3, Long Range Dual Motors,Jospin Gnintedem Noutsa
1121,model 3, Long Range Dual Motors,Jospin Gnintedem Noutsa
1121,model 3, Long Range Dual Motors,Jospin Gnintedem Noutsa
1121,model 3, Long Range Dual Motors,Jospin Gnintedem Noutsa
1121,model 3, Long Range Dual Motors,Jospin Gnintedem Noutsa
1121,model 3, Long Range Dual Motors,Jospin Gnintedem Noutsa
1121,model 3, Long Range Dual Motors,Jospin Gnintedem Noutsa
1121,model 3, Long Range Dual Motors,Jospin Gnintedem Noutsa
1121,model 3, Long Range Dual Motors,Jospin Gnintedem Noutsa
1121,model 3, Long Range Dual Motors,Jospin Gnintedem Noutsa
1121,model 3, Long Range Dual Motors,Jospin Gnintedem Noutsa
1121,model 3, Long Range Dual Motors,Jospin Gnintedem Noutsa
1121,model 3, Long Range Dual Motors,Jospin Gnintedem Noutsa
1121,model 3, Long Range Dual Motors,Jospin Gnintedem Noutsa
1121,model 3, Long Range Dual Motors,Jospin Gnintedem Noutsa
1121,model 3, Long Range Dual Motors,Jospin Gnintedem Noutsa
1121,model 3, Long Range Dual Motors,Jospin Gnintedem Noutsa
1121,model 3, Long Range Dual Motors,Jospin Gnintedem Noutsa
1121,model 3, Long Range Dual Motors,Jospin Gnintedem Noutsa
1121,model 3, Long Range Dual Motors,Jospin Gnintedem Noutsa
1121,model 3, Long Range Dual Motors,Jospin Gnintedem Noutsa
1121,model 3, Long Range Dual Motors,Jospin Gnintedem Noutsa
1121,model 3, Long Range Dual Motors,Jospin Gnintedem Noutsa
1121,model 3, Long Range Dual Motors,Jospin Gnintedem Noutsa
1121,model 3, Long Range Dual Motors,Jospin Gnintedem Noutsa
1121,model 3, Long Range Dual Motors,Jospin Gnintedem Noutsa
1121,model 3, Long Range Dual Motors,Jospin Gnintedem Noutsa
1121,model 3, Long Range Dual Motors,Jospin Gnintedem Noutsa
1121,model 3, Long Range Dual Motors,Jospin Gnintedem Noutsa
1121,model 3, Long Range Dual Motors,Jospin Gnintedem Noutsa
1121,model 3, Long Range Dual Motors,Jospin Gnintedem Noutsa
1121,model 3, Long Range Dual Motors,Jospin Gnintedem Noutsa
1121,model 3, Long Range Dual Motors,Jospin Gnintedem Noutsa
1121,model 3, Long Range Dual Motors,Jospin Gnintedem Noutsa
1121,model 3, Long Range Dual Motors,Jospin Gnintedem Noutsa
1121,model 3, Long Range Dual Motors,Jospin Gnintedem Noutsa
1121,model 3, Long Range Dual Motors,Jospin Gnintedem Noutsa
1121,model 3, Long Range Dual Motors,Jospin Gnintedem Noutsa
1121,model 3, Long Range Dual Motors,Jospin Gnintedem Noutsa
1121,model 3, Long Range Dual Motors,Jospin Gnintedem Noutsa
1121,model 3, Long Range Dual Motors,Jospin Gnintedem Noutsa
1121,model 3, Long Range Dual Motors,Jospin Gnintedem Noutsa
1121,model 3, Long Range Dual Motors,Jospin Gnintedem Noutsa
1121,model 3, Long Range Dual Motors,Jospin Gnintedem Noutsa
1121,model 3, Long Range Dual Motors,Jospin Gnintedem Noutsa
1121,model 3, Long Range Dual Motors,Jospin Gnintedem Noutsa
1121,model 3, Long Range Dual Motors,Jospin Gnintedem Noutsa
1121,model 3, Long Range Dual Motors,Jospin Gnintedem Noutsa
1121,model 3, Long Range Dual Motors,Jospin Gnintedem Noutsa
1121,model 3, Long Range Dual Motors,Jospin Gnintedem Noutsa
1121,model 3, Long Range Dual Motors,Jospin Gnintedem Noutsa
1121,model 3, Long Range Dual Motors,Jospin Gnintedem Noutsa
1121,model 3, Long Range Dual Motors,Jospin Gnintedem Noutsa
1121,model 3, Long Range Dual Motors,Jospin Gnintedem Noutsa
1121,model 3, Long Range Dual Motors,Jospin Gnintedem Noutsa
1121,model 3, Long Range Dual Motors,Jospin Gnintedem Noutsa
1121,model 3, Long Range Dual Motors,Jospin Gnintedem Noutsa
1121,model 3, Long Range Dual Motors,Jospin Gnintedem Noutsa
1121,model 3, Long Range Dual Motors,Jospin Gnintedem Noutsa
1121,model 3, Long Range Dual Motors,Jospin Gnintedem Noutsa
1121,model 3, Long Range Dual Motors,Jospin Gnintedem Noutsa
1121,model 3, Long Range Dual Motors,Jospin Gnintedem Noutsa
1121,model 3, Long Range Dual Motors,Jospin Gnintedem Noutsa
1121,model 3, Long Range Dual Motors,Jospin Gnintedem Noutsa
1121,model 3, Long Range Dual Motors,Jospin Gnintedem Noutsa
1121,model 3, Long Range Dual Motors,Jospin Gnintedem Noutsa
1121,model 3, Long Range Dual Motors,Jospin Gnintedem Noutsa
1121,model 3, Long Range Dual Motors,Jospin Gnintedem Noutsa
1121,model 3, Long Range Dual Motors,Jospin Gnintedem Noutsa
1121,model 3, Long Range Dual Motors,Jospin Gnintedem Noutsa
1121,model 3, Long Range Dual Motors,Jospin Gnintedem Noutsa
1121,model 3, Long Range Dual Motors,Jospin Gnintedem Noutsa
1121,model 3, Long Range Dual Motors,Jospin Gnintedem Noutsa
1121,model 3, Long Range Dual Motors,Jospin Gnintedem Noutsa
1121,model 3, Long Range Dual Motors,Jospin Gnintedem Noutsa
1121,model 3, Long Range Dual Motors,Jospin Gnintedem Noutsa
1121,model 3, Long Range Dual Motors,Jospin Gnintedem Noutsa
1121,model 3, Long Range Dual Motors,Jospin Gnintedem Noutsa
1121,model 3, Long Range Dual Motors,Jospin Gnintedem Noutsa
1121,model 3, Long Range Dual Motors,Jospin Gnintedem Noutsa
1121,model 3, Long Range Dual Motors,Jospin Gnintedem Noutsa
1121,model 3, Long Range Dual Motors,Jospin Gnintedem Noutsa
1121,model 3, Long Range Dual Motors,Jospin Gnintedem Noutsa
1121,model 3, Long Range Dual Motors,Jospin Gnintedem Noutsa
1121,model 3, Long Range Dual Motors,Jospin Gnintedem Noutsa
1121,model 3, Long Range Dual Motors,Jospin Gnintedem Noutsa
1121,model 3, Long Range Dual Motors,Jospin Gnintedem Noutsa
1121,model 3, Long Range Dual Motors,Jospin Gnintedem Noutsa
1121,model 3, Long Range Dual Motors,Jospin Gnintedem Noutsa
1121,model 3, Long Range Dual Motors,Jospin Gnintedem Noutsa
1121,model 3, Long Range Dual Motors,Jospin Gnintedem Noutsa
1121,model 3, Long Range Dual Motors,Jospin Gnintedem Noutsa
1121,model 3, Long Range Dual Motors,Jospin Gnintedem Noutsa
1121,model 3, Long Range Dual Motors,Jospin Gnintedem Noutsa
1121,model 3, Long Range Dual Motors,Jospin Gnintedem Noutsa
1121,model 3, Long Range Dual Motors,Jospin Gnintedem Noutsa
1121,model 3, Long Range Dual Motors,Jospin Gnintedem Noutsa
1121,model 3, Long Range Dual Motors,Jospin Gnintedem Noutsa
1121,model 3, Long Range Dual Motors,Jospin Gnintedem Noutsa
1121,model 3, Long Range Dual Motors,Jospin Gnintedem Noutsa
1121,model 3, Long Range Dual Motors,Jospin Gnintedem Noutsa
1121,model 3, Long Range Dual Motors,Jospin Gnintedem Noutsa
1121,model 3, Long Range Dual Motors,Jospin Gnintedem Noutsa
1121,model 3, Long Range Dual Motors,Jospin Gnintedem Noutsa
1121,model 3, Long Range Dual Motors,Jospin Gnintedem Noutsa
1121,model 3, Long Range Dual Motors,Jospin Gnintedem Noutsa
1121,model 3, Long Range Dual Motors,Jospin Gnintedem Noutsa
1121,model 3, Long Range Dual Motors,Jospin Gnintedem Noutsa
1121,model 3, Long Range Dual Motors,Jospin Gnintedem Noutsa
1121,model 3, Long Range Dual Motors,Jospin Gnintedem Noutsa
1121,model 3, Long Range Dual Motors,Jospin Gnintedem Noutsa
1121,model 3, Long Range Dual Motors,Jospin Gnintedem Noutsa
1121,model 3, Long Range Dual Motors,Jospin Gnintedem Noutsa
1121,model 3, Long Range Dual Motors,Jospin Gnintedem Noutsa
1121,model 3, Long Range Dual Motors,Jospin Gnintedem Noutsa
1121,model 3, Long Range Dual Motors,Jospin Gnintedem Noutsa
1121,model 3, Long Range Dual Motors,Jospin Gnintedem Noutsa
1121,model 3, Long Range Dual Motors,Jospin Gnintedem Noutsa
1121,model 3, Long Range Dual Motors,Jospin Gnintedem Noutsa
1121,model 3, Long Range Dual Motors,Jospin Gnintedem Noutsa
1121,model 3, Long Range Dual Motors,Jospin Gnintedem Noutsa
1121,model 3, Long Range Dual Motors,Jospin Gnintedem Noutsa
1121,model 3, Long Range Dual Motors,Jospin Gnintedem Noutsa
1121,model 3, Long Range Dual Motors,Jospin Gnintedem Noutsa
1121,model 3, Long Range Dual Motors,Jospin Gnintedem Noutsa
1121,model 3, Long Range Dual Motors,Jospin Gnintedem Noutsa
1121,model 3, Long Range Dual Motors,Jospin Gnintedem Noutsa
1121,model 3, Long Range Dual Motors,Jospin Gnintedem Noutsa
1121,model 3, Long Range Dual Motors,Jospin Gnintedem Noutsa
1121,model 3, Long Range Dual Motors,Jospin Gnintedem Noutsa
1121,model 3, Long Range Dual Motors,Jospin Gnintedem Noutsa
1121,model 3, Long Range Dual Motors,Jospin Gnintedem Noutsa
1121,model 3, Long Range Dual Motors,Jospin Gnintedem Noutsa
1121,model 3, Long Range Dual Motors,Jospin Gnintedem Noutsa
1121,model 3, Long Range Dual Motors,Jospin Gnintedem Noutsa
1121,model 3, Long Range Dual Motors,Jospin Gnintedem Noutsa
1121,model 3, Long Range Dual Motors,Jospin Gnintedem Noutsa
1121,model 3, Long Range Dual Motors,Jospin Gnintedem Noutsa
1121,model 3, Long Range Dual Motors,Jospin Gnintedem Noutsa
1121,model 3, Long Range Dual Motors,Jospin Gnintedem Noutsa
1121,model 3, Long Range Dual Motors,Jospin Gnintedem Noutsa
1121,model 3, Long Range Dual Motors,Jospin Gnintedem Noutsa
1121,model 3, Long Range Dual Motors,Jospin Gnintedem Noutsa
1121,model 3, Long Range Dual Motors,Jospin Gnintedem Noutsa
1121,model 3, Long Range Dual Motors,Jospin Gnintedem Noutsa
1121,model 3, Long Range Dual Motors,Jospin Gnintedem Noutsa
1121,model 3, Long Range Dual Motors,Jospin Gnintedem Noutsa
1121,model 3, Long Range Dual Motors,Jospin Gnintedem Noutsa
1121,model 3, Long Range Dual Motors,Jospin Gnintedem Noutsa
1121,model 3, Long Range Dual Motors,Jospin Gnintedem Noutsa
1121,model 3, Long Range Dual Motors,Jospin Gnintedem Noutsa
1121,model 3, Long Range Dual Motors,Jospin Gnintedem Noutsa
1121,model 3, Long Range Dual Motors,Jospin Gnintedem Noutsa
1121,model 3, Long Range Dual Motors,Jospin Gnintedem Noutsa
1121,model 3, Long Range Dual Motors,Jospin Gnintedem Noutsa
1121,model 3, Long Range Dual Motors,Jospin Gnintedem Noutsa
1121,model 3, Long Range Dual Motors,Jospin Gnintedem Noutsa
1121,model 3, Long Range Dual Motors,Jospin Gnintedem Noutsa
1121,model 3, Long Range Dual Motors,Jospin Gnintedem Noutsa
1121,model 3, Long Range Dual Motors,Jospin Gnintedem Noutsa
1121,model 3, Long Range Dual Motors,Jospin Gnintedem Noutsa
1121,model 3, Long Range Dual Motors,Jospin Gnintedem Noutsa
1121,model 3, Long Range Dual Motors,Jospin Gnintedem Noutsa
1121,model 3, Long Range Dual Motors,Jospin Gnintedem Noutsa
1121,model 3, Long Range Dual Motors,Jospin Gnintedem Noutsa
1121,model 3, Long Range Dual Motors,Jospin Gnintedem Noutsa
1121,model 3, Long Range Dual Motors,Jospin Gnintedem Noutsa
1121,model 3, Long Range Dual Motors,Jospin Gnintedem Noutsa
1121,model 3, Long Range Dual Motors,Jospin Gnintedem Noutsa
1121,model 3, Long Range Dual Motors,Jospin Gnintedem Noutsa
1121,model 3, Long Range Dual Motors,Jospin Gnintedem Noutsa
1121,model 3, Long Range Dual Motors,Jospin Gnintedem Noutsa
1121,model 3, Long Range Dual Motors,Jospin Gnintedem Noutsa
1121,model 3, Long Range Dual Motors,Jospin Gnintedem Noutsa
1121,model 3, Long Range Dual Motors,Jospin Gnintedem Noutsa
1121,model 3, Long Range Dual Motors,Jospin Gnintedem Noutsa
1121,model 3, Long Range Dual Motors,Jospin Gnintedem Noutsa
1121,model 3, Long Range Dual Motors,Jospin Gnintedem Noutsa
1121,model 3, Long Range Dual Motors,Jospin Gnintedem Noutsa
1121,model 3, Long Range Dual Motors,Jospin Gnintedem Noutsa
1121,model 3, Long Range Dual Motors,Jospin Gnintedem Noutsa
1121,model 3, Long Range Dual Motors,Jospin Gnintedem Noutsa
1121,model 3, Long Range Dual Motors,Jospin Gnintedem Noutsa
1121,model 3, Long Range Dual Motors,Jospin Gnintedem Noutsa
1121,model 3, Long Range Dual Motors,Jospin Gnintedem Noutsa
1121,model 3, Long Range Dual Motors,Jospin Gnintedem Noutsa
1121,model 3, Long Range Dual Motors,Jospin Gnintedem Noutsa
1121,model 3, Long Range Dual Motors,Jospin Gnintedem Noutsa
1121,model 3, Long Range Dual Motors,Jospin Gnintedem Noutsa
1121,model 3, Long Range Dual Motors,Jospin Gnintedem Noutsa
1121,model 3, Long Range Dual Motors,Jospin Gnintedem Noutsa
1121,model 3, Long Range Dual Motors,Jospin Gnintedem Noutsa
1121,model 3, Long Range Dual Motors,Jospin Gnintedem Noutsa
1121,model 3, Long Range Dual Motors,Jospin Gnintedem Noutsa
1121,model 3, Long Range Dual Motors,Jospin Gnintedem Noutsa
1121,model 3, Long Range Dual Motors,Jospin Gnintedem Noutsa
1121,model 3, Long Range Dual Motors,Jospin Gnintedem Noutsa
1121,model 3, Long Range Dual Motors,Jospin Gnintedem Noutsa
1121,model 3, Long Range Dual Motors,Jospin Gnintedem Noutsa
1121,model 3, Long Range Dual Motors,Jospin Gnintedem Noutsa
1121,model 3, Long Range Dual Motors,Jospin Gnintedem Noutsa
1121,model 3, Long Range Dual Motors,Jospin Gnintedem Noutsa
1121,model 3, Long Range Dual Motors,Jospin Gnintedem Noutsa
1121,model 3, Long Range Dual Motors,Jospin Gnintedem Noutsa
1121,model 3, Long Range Dual Motors,Jospin Gnintedem Noutsa
1121,model 3, Long Range Dual Motors,Jospin Gnintedem Noutsa